{"mean":{"confidence_interval":{"confidence_level":0.95,"lower_bound":-0.048046613963833196,"upper_bound":-0.026170832494831497},"point_estimate":-0.03699925448362651,"standard_error":0.005529233479648583},"median":{"confidence_interval":{"confidence_level":0.95,"lower_bound":-0.05829950822560892,"upper_bound":-0.03637870693562517},"point_estimate":-0.04978212074330468,"standard_error":0.005374017104916984}}