{"mean":{"confidence_interval":{"confidence_level":0.95,"lower_bound":0.011569474137757097,"upper_bound":0.02175165720942917},"point_estimate":0.01695322274558242,"standard_error":0.0025809704456388996},"median":{"confidence_interval":{"confidence_level":0.95,"lower_bound":0.01295090268747856,"upper_bound":0.019790785624729246},"point_estimate":0.01667572374189863,"standard_error":0.0017003512008416284}}