{"mean":{"confidence_interval":{"confidence_level":0.95,"lower_bound":0.004689874581958255,"upper_bound":0.02754565885466591},"point_estimate":0.016765208970475953,"standard_error":0.005853229618616052},"median":{"confidence_interval":{"confidence_level":0.95,"lower_bound":0.016419182745160743,"upper_bound":0.02950166703594803},"point_estimate":0.02133114133763514,"standard_error":0.0032189104424374046}}