{"mean":{"confidence_interval":{"confidence_level":0.95,"lower_bound":633699.5512372202,"upper_bound":634024.1956260874},"point_estimate":633860.0999894299,"standard_error":82.65913237637571},"median":{"confidence_interval":{"confidence_level":0.95,"lower_bound":633741.0642857143,"upper_bound":634201.3191489362},"point_estimate":634005.0200922266,"standard_error":97.85664900763321},"median_abs_dev":{"confidence_interval":{"confidence_level":0.95,"lower_bound":502.7213179077317,"upper_bound":1038.4736934983405},"point_estimate":713.2813183367506,"standard_error":134.12537558283674},"slope":{"confidence_interval":{"confidence_level":0.95,"lower_bound":633224.1325725545,"upper_bound":633695.7053087826},"point_estimate":633431.4793364858,"standard_error":120.37016835740417},"std_dev":{"confidence_interval":{"confidence_level":0.95,"lower_bound":691.2366449491154,"upper_bound":963.648098991398},"point_estimate":828.6946206383998,"standard_error":70.20960116495105}}