{"mean":{"confidence_interval":{"confidence_level":0.95,"lower_bound":-0.0015914025622955164,"upper_bound":0.01635962453725961},"point_estimate":0.007416441600343715,"standard_error":0.004693888599062938},"median":{"confidence_interval":{"confidence_level":0.95,"lower_bound":-0.0005927268907340855,"upper_bound":0.015364135564308157},"point_estimate":0.007915119811813698,"standard_error":0.004159491653553363}}