{"mean":{"confidence_interval":{"confidence_level":0.95,"lower_bound":-0.009008788536787181,"upper_bound":-0.001184268370716225},"point_estimate":-0.00467514670649094,"standard_error":0.0020090935607167864},"median":{"confidence_interval":{"confidence_level":0.95,"lower_bound":-0.0035253591203799894,"upper_bound":0.0004424553726971592},"point_estimate":-0.0011259636062306289,"standard_error":0.0010305242013575588}}