{"mean":{"confidence_interval":{"confidence_level":0.95,"lower_bound":106237.42957174634,"upper_bound":107935.97552254442},"point_estimate":107075.52875448043,"standard_error":433.59361084612345},"median":{"confidence_interval":{"confidence_level":0.95,"lower_bound":105212.5052631579,"upper_bound":107325.9},"point_estimate":105871.45925925925,"standard_error":568.7631321237257},"median_abs_dev":{"confidence_interval":{"confidence_level":0.95,"lower_bound":2803.28288860905,"upper_bound":5435.919709743142},"point_estimate":4172.122062142148,"standard_error":666.0743251532571},"slope":{"confidence_interval":{"confidence_level":0.95,"lower_bound":108691.13228292794,"upper_bound":110510.85785721097},"point_estimate":109660.0415528299,"standard_error":464.0042818791331},"std_dev":{"confidence_interval":{"confidence_level":0.95,"lower_bound":3709.0973986392796,"upper_bound":4946.28003397415},"point_estimate":4349.221990281446,"standard_error":316.2859605193147}}