{"mean":{"confidence_interval":{"confidence_level":0.95,"lower_bound":31248.58371385442,"upper_bound":31271.907633885832},"point_estimate":31260.909361136422,"standard_error":5.951712598608218},"median":{"confidence_interval":{"confidence_level":0.95,"lower_bound":31251.509196696694,"upper_bound":31267.22716346154},"point_estimate":31260.994781238624,"standard_error":3.4681357083714097},"median_abs_dev":{"confidence_interval":{"confidence_level":0.95,"lower_bound":20.91926128376691,"upper_bound":34.85207846210501},"point_estimate":26.905931060785285,"standard_error":3.516005421293915},"slope":{"confidence_interval":{"confidence_level":0.95,"lower_bound":31220.164613041317,"upper_bound":31261.189821487416},"point_estimate":31243.51261526526,"standard_error":10.547221532535197},"std_dev":{"confidence_interval":{"confidence_level":0.95,"lower_bound":36.31895529330257,"upper_bound":83.63110392009604},"point_estimate":59.4371870556895,"standard_error":12.631090840260502}}