{"mean":{"confidence_interval":{"confidence_level":0.95,"lower_bound":-0.002826260638023037,"upper_bound":0.022250059498189735},"point_estimate":0.009639065942950387,"standard_error":0.006357279406135159},"median":{"confidence_interval":{"confidence_level":0.95,"lower_bound":0.0067615908510858524,"upper_bound":0.02640932296023979},"point_estimate":0.017031570057501,"standard_error":0.005020824869345431}}