{"mean":{"confidence_interval":{"confidence_level":0.95,"lower_bound":-0.026125754884495894,"upper_bound":-0.003252792167227918},"point_estimate":-0.014458394616379988,"standard_error":0.005817880579048377},"median":{"confidence_interval":{"confidence_level":0.95,"lower_bound":-0.017300122758053038,"upper_bound":0.004519452830094391},"point_estimate":-0.005777869290059523,"standard_error":0.005666342248386494}}