{"mean":{"confidence_interval":{"confidence_level":0.95,"lower_bound":-0.010748281784998802,"upper_bound":0.023196484345153503},"point_estimate":0.005691601510076749,"standard_error":0.008662957399285477},"median":{"confidence_interval":{"confidence_level":0.95,"lower_bound":-0.011581980194796948,"upper_bound":0.024511406616052556},"point_estimate":0.007354700308924933,"standard_error":0.009286689869004312}}