{"mean":{"confidence_interval":{"confidence_level":0.95,"lower_bound":0.025756246819083912,"upper_bound":0.03012325433802209},"point_estimate":0.027916110857471255,"standard_error":0.0011121210778322948},"median":{"confidence_interval":{"confidence_level":0.95,"lower_bound":0.022103622662794104,"upper_bound":0.03259915784263967},"point_estimate":0.024068073826363445,"standard_error":0.00284624301957243}}