{"mean":{"confidence_interval":{"confidence_level":0.95,"lower_bound":0.04323298505581148,"upper_bound":0.06194918089879592},"point_estimate":0.05229427172120493,"standard_error":0.004771744984996376},"median":{"confidence_interval":{"confidence_level":0.95,"lower_bound":0.02196453008356425,"upper_bound":0.05037227577709524},"point_estimate":0.039753623850006026,"standard_error":0.007601437731843394}}