{"mean":{"confidence_interval":{"confidence_level":0.95,"lower_bound":0.00427929064058147,"upper_bound":0.010900983944155363},"point_estimate":0.007660954967936062,"standard_error":0.0016955447449001678},"median":{"confidence_interval":{"confidence_level":0.95,"lower_bound":0.006449616874621089,"upper_bound":0.017503526675602954},"point_estimate":0.013110615471954024,"standard_error":0.002986908555246349}}