{"mean":{"confidence_interval":{"confidence_level":0.95,"lower_bound":0.08611090133326922,"upper_bound":0.09933752256783063},"point_estimate":0.09218228715238364,"standard_error":0.0033540617542284286},"median":{"confidence_interval":{"confidence_level":0.95,"lower_bound":0.08985921404687236,"upper_bound":0.09599361715662291},"point_estimate":0.09311133502278546,"standard_error":0.00156284544617919}}