{"mean":{"confidence_interval":{"confidence_level":0.95,"lower_bound":75169.46431852698,"upper_bound":75193.73125993431},"point_estimate":75181.05718321564,"standard_error":6.186857367457822},"median":{"confidence_interval":{"confidence_level":0.95,"lower_bound":75157.81358885017,"upper_bound":75183.598893066},"point_estimate":75171.76275510204,"standard_error":7.492974238112022},"median_abs_dev":{"confidence_interval":{"confidence_level":0.95,"lower_bound":38.98784396209909,"upper_bound":65.60138801428656},"point_estimate":54.29594857021467,"standard_error":7.018479667311588},"slope":{"confidence_interval":{"confidence_level":0.95,"lower_bound":75164.18552063723,"upper_bound":75185.2391582455},"point_estimate":75174.79450948932,"standard_error":5.364525832303815},"std_dev":{"confidence_interval":{"confidence_level":0.95,"lower_bound":46.48585229798361,"upper_bound":78.87580523251054},"point_estimate":61.96719248425553,"standard_error":8.48217071141555}}