{"mean":{"confidence_interval":{"confidence_level":0.95,"lower_bound":-0.011597137708425537,"upper_bound":0.010354545150869003},"point_estimate":-0.0011602843569613608,"standard_error":0.005611719241059987},"median":{"confidence_interval":{"confidence_level":0.95,"lower_bound":-0.035293675728438445,"upper_bound":-0.0067788481344366325},"point_estimate":-0.026332999149049408,"standard_error":0.007514042429841126}}