{"mean":{"confidence_interval":{"confidence_level":0.95,"lower_bound":-0.002997777760103664,"upper_bound":0.02401986199377559},"point_estimate":0.010617127522795089,"standard_error":0.006850103874767275},"median":{"confidence_interval":{"confidence_level":0.95,"lower_bound":0.017048993336170826,"upper_bound":0.043135815536493816},"point_estimate":0.03291416539581471,"standard_error":0.00675300599871679}}