{"mean":{"confidence_interval":{"confidence_level":0.95,"lower_bound":-0.005067580354043672,"upper_bound":0.00900483006295155},"point_estimate":0.0019591171963178056,"standard_error":0.0035900962735017157},"median":{"confidence_interval":{"confidence_level":0.95,"lower_bound":-0.002889185517872095,"upper_bound":0.007559718514599911},"point_estimate":0.0020580870060009637,"standard_error":0.0027549710357880667}}